person_id,full name,type,comment,date,bill
21421,Амельченко Василь Васильович,неособисте голосування,http://chesno.org/news/2058/,2015-01-14,
21421,Амельченко Василь Васильович,неособисте голосування,,2017-11-09,4287
21421,Амельченко Василь Васильович,неособисте голосування,,2017-11-09,4287
21421,Амельченко Василь Васильович,неособисте голосування,,2017-11-09,6538
21421,Амельченко Василь Васильович,неособисте голосування,,2017-11-09,6538
21421,Амельченко Василь Васильович,неособисте голосування,,2018-05-17,
21421,Амельченко Василь Васильович,неособисте голосування,,2018-05-22,8335
21421,Амельченко Василь Васильович,неособисте голосування,,2018-05-22,8335
21421,Амельченко Василь Васильович,неособисте голосування,,2018-05-23,0181
18472,Бабенко Валерій Борисович,неособисте голосування,http://chesno.org/news/2056/,2014-12-29,
18472,Бабенко Валерій Борисович,неособисте голосування,,2017-03-16,
18472,Бабенко Валерій Борисович,неособисте голосування,,2018-05-22,6697
18472,Бабенко Валерій Борисович,неособисте голосування,,2018-05-22,5512
18472,Бабенко Валерій Борисович,неособисте голосування,,2018-05-22,5512
26326,Бакуменко Олександр Борисович,неособисте голосування,,2015-12-10,
26326,Бакуменко Олександр Борисович,неособисте голосування,,2015-12-10,
26326,Бакуменко Олександр Борисович,неособисте голосування,,2016-02-02,
26326,Бакуменко Олександр Борисович,неособисте голосування,http://www.chesno.org/news/2359/,2016-10-18,
26326,Бакуменко Олександр Борисович,неособисте голосування,http://www.chesno.org/news/2386/,2016-11-03,
26326,Бакуменко Олександр Борисович,неособисте голосування,http://www.chesno.org/news/2463/,2017-04-05,
26326,Бакуменко Олександр Борисович,неособисте голосування,,2018-05-15,7304
26326,Бакуменко Олександр Борисович,неособисте голосування,,2018-05-17,
26326,Бакуменко Олександр Борисович,неособисте голосування,,2018-05-17,6303
26326,Бакуменко Олександр Борисович,неособисте голосування,,2018-05-17,3131
26326,Бакуменко Олександр Борисович,неособисте голосування,,2018-05-17,3131
26326,Бакуменко Олександр Борисович,неособисте голосування,,2018-05-17,6405
26326,Бакуменко Олександр Борисович,неособисте голосування,,2018-05-17,3131
26326,Бакуменко Олександр Борисович,неособисте голосування,,2018-05-17,6027-д
26326,Бакуменко Олександр Борисович,неособисте голосування,,2018-05-17,4532
17,Балицький Євген Віталійович,неособисте голосування,http://chesno.org/news/2078/,2015-03-19,
17,Балицький Євген Віталійович,неособисте голосування,http://www.chesno.org/news/2299/,2016-07-12,
17,Балицький Євген Віталійович,неособисте голосування,http://www.chesno.org/news/2303/,2016-07-14,
17,Балицький Євген Віталійович,неособисте голосування,http://www.chesno.org/news/2385/,2016-11-03,
17,Балицький Євген Віталійович,неособисте голосування,,2018-05-15,3871
17,Балицький Євген Віталійович,неособисте голосування,,2018-05-15,3871
20,Бандуров Володимир Володимирович,неособисте голосування,,2015-04-09,
20,Бандуров Володимир Володимирович,неособисте голосування,http://www.chesno.org/news/2507/,2017-06-08,
20,Бандуров Володимир Володимирович,неособисте голосування,http://www.chesno.org/news/2507/,2017-06-08,
20,Бандуров Володимир Володимирович,неособисте голосування,,2018-02-08,
20,Бандуров Володимир Володимирович,неособисте голосування,,2018-02-08,
20,Бандуров Володимир Володимирович,неособисте голосування,,2018-02-08,4088
20,Бандуров Володимир Володимирович,неособисте голосування,,2018-04-04,4023а
20,Бандуров Володимир Володимирович,неособисте голосування,,2018-04-04,4023а
20,Бандуров Володимир Володимирович,неособисте голосування,,2018-04-19,7511
21,Барвіненко Віталій Дмитрович,неособисте голосування,http://www.chesno.org/news/2117/,2015-07-14,
21,Барвіненко Віталій Дмитрович,неособисте голосування,http://www.chesno.org/news/2380/,2016-11-01,
23868,Барна Олег Степанович,неособисте голосування,,2018-05-22,8201
20495,Батенко Тарас Іванович,неособисте голосування,,2018-05-22,8201
25056,Бендюженко Федір Володимирович,неособисте голосування,,2017-10-04,0154
25056,Бендюженко Федір Володимирович,неособисте голосування,,2017-10-04,0154
25056,Бендюженко Федір Володимирович,неособисте голосування,,2017-11-07,6106
25056,Бендюженко Федір Володимирович,неособисте голосування,,2018-05-17,4532
25056,Бендюженко Федір Володимирович,неособисте голосування,,2018-05-17,3131
25056,Бендюженко Федір Володимирович,неособисте голосування,,2018-05-17,8226
25056,Бендюженко Федір Володимирович,неособисте голосування,,2018-05-17,3131
26,Березкін Станіслав Семенович,неособисте голосування,,2015-11-10,
26,Березкін Станіслав Семенович,неособисте голосування,,2017-06-20,
26,Березкін Станіслав Семенович,неособисте голосування,,2017-11-14,6049-1
26,Березкін Станіслав Семенович,неособисте голосування,,2017-11-14,6049
29,Білий Олексій Петрович,неособисте голосування,,2017-06-22,
29,Білий Олексій Петрович,неособисте голосування,,2017-11-09,
30,Біловол Олександр Миколайович,неособисте голосування,http://chesno.org/news/2058/,2015-01-14,
30,Біловол Олександр Миколайович,неособисте голосування,http://chesno.org/news/2066/,2015-02-10,
30,Біловол Олександр Миколайович,неособисте голосування,,2017-02-23,
30,Біловол Олександр Миколайович,неособисте голосування,http://www.chesno.org/news/2444/,2017-03-14,
35,Бобов Геннадій Борисович,неособисте голосування,,2017-12-21,7410
35,Бобов Геннадій Борисович,неособисте голосування,,2017-12-21,
35,Бобов Геннадій Борисович,неособисте голосування,,2017-12-21,4670
35,Бобов Геннадій Борисович,неособисте голосування,,2017-12-21,7410
18544,Бойко Олена Петрівна,неособисте голосування,,2017-11-09,4738-д
40,Бондар Віктор Васильович,неособисте голосування,,2015-11-10,
40,Бондар Віктор Васильович,неособисте голосування,,2015-11-10,
40,Бондар Віктор Васильович,неособисте голосування,http://www.chesno.org/news/2270/,2016-04-14,
40,Бондар Віктор Васильович,неособисте голосування,,2017-06-20,
40,Бондар Віктор Васильович,неособисте голосування,,2017-11-14,
40,Бондар Віктор Васильович,неособисте голосування,,2017-11-14,6049
49,Бриченко Ігор Віталійович,неособисте голосування,,2014-12-11,
49,Бриченко Ігор Віталійович,неособисте голосування,,2017-02-21,
49,Бриченко Ігор Віталійович,неособисте голосування,,2017-11-09,7126
49,Бриченко Ігор Віталійович,неособисте голосування,,2017-11-09,
26337,Велікін Олег Маркович,неособисте голосування,http://www.chesno.org/news/2419/,2017-02-07,
67,Воропаєв Юрій Миколайович,неособисте голосування,,2018-04-19,4442-1
67,Воропаєв Юрій Миколайович,неособисте голосування,,2018-04-19,4442-1
67,Воропаєв Юрій Миколайович,неособисте голосування,,2018-04-19,
67,Воропаєв Юрій Миколайович,неособисте голосування,,2018-04-19,8157
67,Воропаєв Юрій Миколайович,неособисте голосування,,2018-04-19,
22012,Гальченко Андрій Володимирович,неособисте голосування,,2017-12-21,5722
22012,Гальченко Андрій Володимирович,неособисте голосування,,2018-04-19,4442-1
22012,Гальченко Андрій Володимирович,неособисте голосування,,2018-04-19,4442-1
75,Гєллєр Євгеній Борисович,неособисте голосування,http://chesno.org/news/2066/,2015-02-10,
75,Гєллєр Євгеній Борисович,неособисте голосування,,2015-02-13,
75,Гєллєр Євгеній Борисович,неособисте голосування,,2015-11-10,
75,Гєллєр Євгеній Борисович,неособисте голосування,,2015-11-10,
75,Гєллєр Євгеній Борисович,неособисте голосування,http://www.chesno.org/news/2424/,2017-02-09,
75,Гєллєр Євгеній Борисович,неособисте голосування,,2017-02-23,
75,Гєллєр Євгеній Борисович,неособисте голосування,,2017-06-20,
75,Гєллєр Євгеній Борисович,неособисте голосування,,2017-11-09,6538
75,Гєллєр Євгеній Борисович,неособисте голосування,,2017-11-14,6049-1
75,Гєллєр Євгеній Борисович,неособисте голосування,,2017-11-14,6049
75,Гєллєр Євгеній Борисович,неособисте голосування,,2017-12-21,4670
75,Гєллєр Євгеній Борисович,неособисте голосування,,2017-12-21,4670
75,Гєллєр Євгеній Борисович,неособисте голосування,,2017-12-21,
75,Гєллєр Євгеній Борисович,неособисте голосування,,2018-03-15,
75,Гєллєр Євгеній Борисович,неособисте голосування,,2018-03-15,
75,Гєллєр Євгеній Борисович,неособисте голосування,,2018-03-15,
75,Гєллєр Євгеній Борисович,неособисте голосування,,2018-03-20,8099
75,Гєллєр Євгеній Борисович,неособисте голосування,,2018-03-22,6578
75,Гєллєр Євгеній Борисович,неособисте голосування,,2018-03-22,3149
75,Гєллєр Євгеній Борисович,неособисте голосування,,2018-04-19,5448-д
75,Гєллєр Євгеній Борисович,неособисте голосування,,2018-04-19,5448-д
75,Гєллєр Євгеній Борисович,неособисте голосування,,2018-04-19,5448-д
75,Гєллєр Євгеній Борисович,неособисте голосування,,2018-04-19,5448-д
77,Гіршфельд Анатолій Мусійович,неособисте голосування,,2016-01-27,
20598,Гончаренко Олексій Олексійович,неособисте голосування,http://chesno.org/news/2042/,2014-12-02,
22474,Горват Роберт Іванович,неособисте голосування,http://www.chesno.org/news/2337/,2016-09-20,
22474,Горват Роберт Іванович,неособисте голосування,http://www.chesno.org/news/2351/,2016-10-06,
22474,Горват Роберт Іванович,неособисте голосування,http://www.chesno.org/news/2401/,2016-12-08,
22474,Горват Роберт Іванович,неособисте голосування,,2017-03-16,
23508,Гуляєв Василь Олександрович,неособисте голосування,,2015-11-11,
23508,Гуляєв Василь Олександрович,неособисте голосування,,2015-12-25,
23508,Гуляєв Василь Олександрович,неособисте голосування,,2015-12-25,
23508,Гуляєв Василь Олександрович,неособисте голосування,http://www.chesno.org/news/2252/,2016-02-18,
23508,Гуляєв Василь Олександрович,неособисте голосування,http://www.chesno.org/news/2381/,2016-11-01,
23508,Гуляєв Василь Олександрович,неособисте голосування,http://www.chesno.org/news/2497/,2017-05-17,
23508,Гуляєв Василь Олександрович,неособисте голосування,http://www.chesno.org/news/2498/,2017-05-18,
23508,Гуляєв Василь Олександрович,неособисте голосування,http://www.chesno.org/news/2498/,2017-05-18,
23508,Гуляєв Василь Олександрович,неособисте голосування,,2017-06-22,
23508,Гуляєв Василь Олександрович,неособисте голосування,,2017-06-22,
23508,Гуляєв Василь Олександрович,неособисте голосування,,2017-12-21,4670
23508,Гуляєв Василь Олександрович,неособисте голосування,,2017-12-21,5364
23508,Гуляєв Василь Олександрович,неособисте голосування,,2017-12-21,
23508,Гуляєв Василь Олександрович,неособисте голосування,,2017-12-21,2845
23508,Гуляєв Василь Олександрович,неособисте голосування,,2017-12-21,2845
23508,Гуляєв Василь Олександрович,неособисте голосування,,2017-12-21,2845
23508,Гуляєв Василь Олександрович,неособисте голосування,,2017-12-21,2845
23508,Гуляєв Василь Олександрович,неособисте голосування,,2017-12-21,
23508,Гуляєв Василь Олександрович,неособисте голосування,,2018-02-08,
23508,Гуляєв Василь Олександрович,неособисте голосування,,2018-02-08,
23508,Гуляєв Василь Олександрович,неособисте голосування,,2018-03-01,0175
23508,Гуляєв Василь Олександрович,неособисте голосування,,2018-03-01,0175
23508,Гуляєв Василь Олександрович,неособисте голосування,,2018-03-01,
23508,Гуляєв Василь Олександрович,неособисте голосування,,2018-03-01,
23508,Гуляєв Василь Олександрович,неособисте голосування,,2018-03-14,0174
23508,Гуляєв Василь Олександрович,неособисте голосування,,2018-03-14,0174
23508,Гуляєв Василь Олександрович,неособисте голосування,,2018-03-15,
23508,Гуляєв Василь Олександрович,неособисте голосування,,2018-03-20,6235
23508,Гуляєв Василь Олександрович,неособисте голосування,,2018-03-22,0178
23508,Гуляєв Василь Олександрович,неособисте голосування,,2018-04-05,0163
23508,Гуляєв Василь Олександрович,неособисте голосування,,2018-04-18,0180
23508,Гуляєв Василь Олександрович,неособисте голосування,,2018-05-15,3871
23508,Гуляєв Василь Олександрович,неособисте голосування,,2018-05-15,3871
23508,Гуляєв Василь Олександрович,неособисте голосування,,2018-05-23,0181
101,Денисенко Анатолій Петрович,неособисте голосування,http://www.chesno.org/news/2299,2016-07-12,
101,Денисенко Анатолій Петрович,неособисте голосування,http://www.chesno.org/news/2384/,2016-11-03,
101,Денисенко Анатолій Петрович,неособисте голосування,http://www.chesno.org/news/2458/,2017-03-23,
101,Денисенко Анатолій Петрович,неособисте голосування,http://www.chesno.org/news/2458/,2017-03-23,
101,Денисенко Анатолій Петрович,неособисте голосування,http://www.chesno.org/news/2458/,2017-03-23,
101,Денисенко Анатолій Петрович,неособисте голосування,,2017-11-07,3239-д
101,Денисенко Анатолій Петрович,неособисте голосування,,2017-11-07,6106
101,Денисенко Анатолій Петрович,неособисте голосування,,2018-03-20,8099
101,Денисенко Анатолій Петрович,неособисте голосування,,2018-03-22,4551
101,Денисенко Анатолій Петрович,неособисте голосування,,2018-03-22,6578
101,Денисенко Анатолій Петрович,неособисте голосування,,2018-03-23,4551
101,Денисенко Анатолій Петрович,неособисте голосування,,2018-05-15,3871
101,Денисенко Анатолій Петрович,неособисте голосування,,2018-05-15,3871
101,Денисенко Анатолій Петрович,неособисте голосування,,2018-05-17,3131
101,Денисенко Анатолій Петрович,неособисте голосування,,2018-05-17,3131
26317,Денисенко Вадим Ігорович,неособисте голосування,,2015-11-25,
26317,Денисенко Вадим Ігорович,неособисте голосування,,2015-12-09,
26317,Денисенко Вадим Ігорович,неособисте голосування,,2015-12-10,
26317,Денисенко Вадим Ігорович,неособисте голосування,,2015-12-10,
26317,Денисенко Вадим Ігорович,неособисте голосування,,2015-12-10,
26317,Денисенко Вадим Ігорович,неособисте голосування,,2015-12-23,
26317,Денисенко Вадим Ігорович,неособисте голосування,,2018-04-18,
111,Дирів Анатолій Борисович,неособисте голосування,,2017-02-23,
19462,Дідич Валентин Володимирович,неособисте голосування,,2018-05-22,8201
19462,Дідич Валентин Володимирович,неособисте голосування,,2018-05-22,8201
19462,Дідич Валентин Володимирович,неособисте голосування,,2018-05-23,
113,Добкін Дмитро Маркович,неособисте голосування,,2017-06-22,
1872,Добкін Михайло Маркович,неособисте голосування,,2018-04-19,
16494,Довбенко Михайло Володимирович,неособисте голосування,http://www.chesno.org/news/2351/,2016-10-06,
16494,Довбенко Михайло Володимирович,неособисте голосування,,2017-07-11,6674
21554,Довгий Олесь Станіславович,неособисте голосування,http://chesno.org/news/2063/,2015-02-05,
114,Долженков Олександр Валерійович,неособисте голосування,http://www.chesno.org/news/2508/,2017-06-08,
114,Долженков Олександр Валерійович,неособисте голосування,,2017-12-06,4952
114,Долженков Олександр Валерійович,неособисте голосування,,2017-12-21,
114,Долженков Олександр Валерійович,неособисте голосування,,2017-12-21,5722
114,Долженков Олександр Валерійович,неособисте голосування,,2018-01-18,7163
115,Домбровський Олександр Георгійович,неособисте голосування,,2018-03-22,3149
18546,Драюк Сергій Євсейович,неособисте голосування,,2018-03-22,6578
18546,Драюк Сергій Євсейович,неособисте голосування,,2018-03-22,4551
20431,Дубневич Богдан Васильович,неособисте голосування,http://www.chesno.org/news/2351/,2016-10-06,
20431,Дубневич Богдан Васильович,неособисте голосування,http://www.chesno.org/news/2362/,2016-10-20,
20431,Дубневич Богдан Васильович,неособисте голосування,http://www.chesno.org/news/2401/,2016-12-08,
120,Дубневич Ярослав Васильович,неособисте голосування,http://www.chesno.org/news/2474/,2017-04-13,
120,Дубневич Ярослав Васильович,неособисте голосування,,2017-07-11,
120,Дубневич Ярослав Васильович,неособисте голосування,,2017-07-11,
124,Дунаєв Сергій Володимирович,неособисте голосування,http://www.chesno.org/news/2475/,2017-04-13,
124,Дунаєв Сергій Володимирович,неособисте голосування,,2017-10-19,
124,Дунаєв Сергій Володимирович,неособисте голосування,,2018-04-19,4442-1
124,Дунаєв Сергій Володимирович,неособисте голосування,,2018-04-19,4442-1
124,Дунаєв Сергій Володимирович,неособисте голосування,,2018-04-19,4442-1
124,Дунаєв Сергій Володимирович,неособисте голосування,,2018-04-19,4442-1
25054,Єдаков Ярослав Юрійович,неособисте голосування,http://www.chesno.org/news/2424/,2017-02-09,
22207,Єфімов Максим Вікторович,неособисте голосування,http://www.chesno.org/news/2289/,2016-05-31,
18502,Єфремова Ірина Олексіївна,неособисте голосування,https://strana.ua/news/74824-za-sebya-i-za-soseda-nardep-efremova-golosuet-v-dve-ruki.html,2017-06-06,
18502,Єфремова Ірина Олексіївна,неособисте голосування,https://strana.ua/news/74824-za-sebya-i-za-soseda-nardep-efremova-golosuet-v-dve-ruki.html,2017-06-06,
18502,Єфремова Ірина Олексіївна,неособисте голосування,https://strana.ua/news/74824-za-sebya-i-za-soseda-nardep-efremova-golosuet-v-dve-ruki.html,2017-06-06,
18502,Єфремова Ірина Олексіївна,неособисте голосування,,2017-06-20,
18502,Єфремова Ірина Олексіївна,неособисте голосування,,2017-06-20,
18502,Єфремова Ірина Олексіївна,неособисте голосування,,2017-06-20,
18502,Єфремова Ірина Олексіївна,неособисте голосування,,2017-06-20,
18502,Єфремова Ірина Олексіївна,неособисте голосування,,2017-06-20,
18502,Єфремова Ірина Олексіївна,неособисте голосування,,2017-10-03,
18502,Єфремова Ірина Олексіївна,неособисте голосування,,2017-11-09,7126
18502,Єфремова Ірина Олексіївна,неособисте голосування,,2017-11-09,7258
18502,Єфремова Ірина Олексіївна,неособисте голосування,,2018-05-17,
18502,Єфремова Ірина Олексіївна,неособисте голосування,,2018-05-17,6303
18502,Єфремова Ірина Олексіївна,неособисте голосування,,2018-05-17,3131
18502,Єфремова Ірина Олексіївна,неособисте голосування,,2018-05-17,4532
18502,Єфремова Ірина Олексіївна,неособисте голосування,,2018-05-17,8226
18502,Єфремова Ірина Олексіївна,неособисте голосування,,2018-05-17,3131
18502,Єфремова Ірина Олексіївна,неособисте голосування,,2018-05-17,3131
18502,Єфремова Ірина Олексіївна,неособисте голосування,,2018-05-23,0181
18502,Єфремова Ірина Олексіївна,неособисте голосування,,2018-05-23,0181
18502,Єфремова Ірина Олексіївна,неособисте голосування,,2018-05-23,0181
18502,Єфремова Ірина Олексіївна,неособисте голосування,,2018-05-23,0181
136,Заболотний Григорій Михайлович,неособисте голосування,,2017-06-20,
26323,Загорій Гліб Володимирович,неособисте голосування,http://www.chesno.org/news/2412/,2017-01-17,
26323,Загорій Гліб Володимирович,неособисте голосування,http://www.chesno.org/news/2457/,2017-03-23,
142,Зубик Володимир Володимирович,неособисте голосування,,2015-11-24,
142,Зубик Володимир Володимирович,неособисте голосування,http://www.chesno.org/news/2302/,2016-07-14,
142,Зубик Володимир Володимирович,неособисте голосування,,2017-11-14,6049-1
142,Зубик Володимир Володимирович,неособисте голосування,,2017-11-14,6049
145,Іванчук Андрій Володимирович,неособисте голосування,,2015-05-22,
145,Іванчук Андрій Володимирович,неособисте голосування,,2015-05-22,
145,Іванчук Андрій Володимирович,неособисте голосування,,2015-09-15,
145,Іванчук Андрій Володимирович,неособисте голосування,,2015-11-10,
145,Іванчук Андрій Володимирович,неособисте голосування,http://www.chesno.org/news/2421/,2017-02-09,
145,Іванчук Андрій Володимирович,неособисте голосування,http://www.chesno.org/news/2499/,2017-05-18,
145,Іванчук Андрій Володимирович,неособисте голосування,,2017-10-05,2126а
145,Іванчук Андрій Володимирович,неособисте голосування,,2017-10-05,4646-д
145,Іванчук Андрій Володимирович,неособисте голосування,,2017-10-19,
145,Іванчук Андрій Володимирович,неособисте голосування,,2017-11-09,4738-д
145,Іванчук Андрій Володимирович,неособисте голосування,,2018-03-20,6428
145,Іванчук Андрій Володимирович,неособисте голосування,,2018-03-21,0166
145,Іванчук Андрій Володимирович,неособисте голосування,,2018-04-19,6746
145,Іванчук Андрій Володимирович,неособисте голосування,,2018-04-19,6746
145,Іванчук Андрій Володимирович,неособисте голосування,,2018-05-15,5627
145,Іванчук Андрій Володимирович,неособисте голосування,,2018-05-15,7304
145,Іванчук Андрій Володимирович,неособисте голосування,,2018-05-15,8295
145,Іванчук Андрій Володимирович,неособисте голосування,,2018-05-15,8195
145,Іванчук Андрій Володимирович,неособисте голосування,,2018-05-15,8265
145,Іванчук Андрій Володимирович,неособисте голосування,,2018-05-15,8296
145,Іванчук Андрій Володимирович,неособисте голосування,,2018-05-15,8331
145,Іванчук Андрій Володимирович,неособисте голосування,,2018-05-15,5627
145,Іванчук Андрій Володимирович,неособисте голосування,,2018-05-17,8226
145,Іванчук Андрій Володимирович,неособисте голосування,,2018-05-17,3131
145,Іванчук Андрій Володимирович,неособисте голосування,,2018-05-17,3131
145,Іванчук Андрій Володимирович,неособисте голосування,,2018-05-22,8335
145,Іванчук Андрій Володимирович,неособисте голосування,,2018-05-22,8201
145,Іванчук Андрій Володимирович,неособисте голосування,,2018-05-22,8265
145,Іванчук Андрій Володимирович,неособисте голосування,,2018-05-22,5512
147,Івахів Степан Петрович,неособисте голосування,,2018-04-19,7511
147,Івахів Степан Петрович,неособисте голосування,,2018-04-19,
147,Івахів Степан Петрович,неособисте голосування,,2018-04-19,7511
150,Ільюк Артем Олександрович,неособисте голосування,http://www.chesno.org/news/2444/,2017-03-14,
152,Іоффе Юлій Якович,неособисте голосування,http://chesno.org/news/2095/,2015-05-12,
166,Кацуба Володимир Михайлович,неособисте голосування,http://chesno.org/news/2042/,2014-12-02,
166,Кацуба Володимир Михайлович,неособисте голосування,http://chesno.org/news/2042/,2014-12-02,
166,Кацуба Володимир Михайлович,неособисте голосування,,2018-02-08,
166,Кацуба Володимир Михайлович,неособисте голосування,,2018-02-08,
166,Кацуба Володимир Михайлович,неособисте голосування,,2018-03-22,0178
166,Кацуба Володимир Михайлович,неособисте голосування,,2018-03-22,4551
166,Кацуба Володимир Михайлович,неособисте голосування,,2018-03-22,4551
18757,Кириченко Олексій Миколайович,неособисте голосування,,2017-11-09,4287
18757,Кириченко Олексій Миколайович,неособисте голосування,,2017-11-09,4287
18757,Кириченко Олексій Миколайович,неособисте голосування,,2017-11-09,6538
18757,Кириченко Олексій Миколайович,неособисте голосування,,2017-11-09,6538
18757,Кириченко Олексій Миколайович,неособисте голосування,,2018-05-17,
21022,Кірш Олександр Вікторович,неособисте голосування,,2017-06-20,
21022,Кірш Олександр Вікторович,неособисте голосування,,2017-11-09,4287
21022,Кірш Олександр Вікторович,неособисте голосування,,2017-11-09,7066
21022,Кірш Олександр Вікторович,неособисте голосування,,2018-04-05,6473
21022,Кірш Олександр Вікторович,неособисте голосування,,2018-04-05,6473
175,Кіссе Антон Іванович,неособисте голосування,http://www.chesno.org/news/2252/,2016-02-18,
175,Кіссе Антон Іванович,неособисте голосування,http://www.chesno.org/news/2395/,2016-11-17,
175,Кіссе Антон Іванович,неособисте голосування,,2017-06-22,
175,Кіссе Антон Іванович,неособисте голосування,,2018-03-15,
175,Кіссе Антон Іванович,неособисте голосування,,2018-03-15,
175,Кіссе Антон Іванович,неособисте голосування,,2018-03-15,
175,Кіссе Антон Іванович,неособисте голосування,,2018-03-22,4551
175,Кіссе Антон Іванович,неособисте голосування,,2018-03-22,8151
175,Кіссе Антон Іванович,неособисте голосування,,2018-05-15,3871
20536,Кіт Андрій Богданович,неособисте голосування,http://www.chesno.org/news/2289/,2016-05-31,
20536,Кіт Андрій Богданович,неособисте голосування,http://www.chesno.org/news/2410/,2017-01-17,
20536,Кіт Андрій Богданович,неособисте голосування,http://www.chesno.org/news/2410/,2017-01-17,
177,Клімов Леонід Михайлович,неособисте голосування,http://chesno.org/news/2100/,2015-05-14,
26321,Кобцев Михайло Валентинович,неособисте голосування,,2015-12-09,
26321,Кобцев Михайло Валентинович,неособисте голосування,,2015-12-09,
23307,Козир Борис Юрійович,неособисте голосування,,2015-11-25,
23307,Козир Борис Юрійович,неособисте голосування,,2015-12-10,
23307,Козир Борис Юрійович,неособисте голосування,http://www.chesno.org/news/2282/,2016-05-17,
23307,Козир Борис Юрійович,неособисте голосування,http://www.chesno.org/news/2295/,2016-07-05,
23307,Козир Борис Юрійович,неособисте голосування,http://www.chesno.org/news/2303/,2016-07-14,
23307,Козир Борис Юрійович,неособисте голосування,http://www.chesno.org/news/2453,2017-03-21,
23307,Козир Борис Юрійович,неособисте голосування,http://www.chesno.org/news/2453/,2017-03-21,
23307,Козир Борис Юрійович,неособисте голосування,,2017-11-09,7126
23307,Козир Борис Юрійович,неособисте голосування,,2017-11-09,6538
23307,Козир Борис Юрійович,неособисте голосування,,2017-11-09,7258
23307,Козир Борис Юрійович,неособисте голосування,,2018-03-20,6428
23307,Козир Борис Юрійович,неособисте голосування,,2018-03-22,3149
23307,Козир Борис Юрійович,неособисте голосування,,2018-04-05,6052
23307,Козир Борис Юрійович,неособисте голосування,,2018-04-05,6473
23307,Козир Борис Юрійович,неособисте голосування,,2018-05-22,5512
1861,Колганова Олена Валеріївна,неособисте голосування,,2014-12-02,
1861,Колганова Олена Валеріївна,неособисте голосування,,2014-12-02,
24870,Колєсніков Дмитро Валерійович,неособисте голосування,,2017-06-22,
24870,Колєсніков Дмитро Валерійович,неособисте голосування,,2017-06-22,
24870,Колєсніков Дмитро Валерійович,неособисте голосування,,2018-04-19,4442-1
24870,Колєсніков Дмитро Валерійович,неособисте голосування,,2018-04-19,4442-1
24870,Колєсніков Дмитро Валерійович,неособисте голосування,,2018-04-19,4442-1
24870,Колєсніков Дмитро Валерійович,неособисте голосування,,2018-04-19,4442-1
24870,Колєсніков Дмитро Валерійович,неособисте голосування,,2018-04-19,
24870,Колєсніков Дмитро Валерійович,неособисте голосування,,2018-04-19,
24870,Колєсніков Дмитро Валерійович,неособисте голосування,,2018-05-15,3871
26314,Король Віктор Миколайович,неособисте голосування,,2018-03-22,8151
25038,Котвіцький Ігор Олександрович,неособисте голосування,http://chesno.org/news/2060/,2015-01-15,
24619,Кошелєва Альона Володимирівна,неособисте голосування,,2017-11-09,4287
24619,Кошелєва Альона Володимирівна,неособисте голосування,,2017-11-09,4287
24619,Кошелєва Альона Володимирівна,неособисте голосування,,2017-11-09,6538
18536,Кремінь Тарас Дмитрович,неособисте голосування,http://www.chesno.org/news/2395/,2016-11-17,
18536,Кремінь Тарас Дмитрович,неособисте голосування,,2017-11-09,7126
18536,Кремінь Тарас Дмитрович,неособисте голосування,,2017-11-09,7258
22045,Кришин Олег Юрійович,неособисте голосування,,2018-05-22,8335
18456,Кудлаєнко Сергій Володимирович,неособисте голосування,,2018-05-17,6027-д
22989,Кузьменко Анатолій Іванович,неособисте голосування,http://www.chesno.org/news/2360/,2016-10-18,
203,Кулініч Олег Іванович,неособисте голосування,http://chesno.org/news/2058/,2015-01-14,
203,Кулініч Олег Іванович,неособисте голосування,,2015-03-02,
203,Кулініч Олег Іванович,неособисте голосування,,2017-11-14,6049
203,Кулініч Олег Іванович,неособисте голосування,,2018-03-15,
203,Кулініч Олег Іванович,неособисте голосування,,2018-03-15,
204,Куніцин Сергій Володимирович,неособисте голосування,,2016-02-02,
204,Куніцин Сергій Володимирович,неособисте голосування,,2018-05-17,8226
204,Куніцин Сергій Володимирович,неособисте голосування,,2018-05-17,4532
21410,Купрієнко Олег Васильович,неособисте голосування,,2015-03-02,
20376,Курило Віталій Семенович,неособисте голосування,http://www.chesno.org/news/2274/,2016-04-19,
20376,Курило Віталій Семенович,неособисте голосування,,2017-11-14,6049
19171,Кучер Микола Іванович,неособисте голосування,,2016-02-04,
19171,Кучер Микола Іванович,неособисте голосування,,2016-10-06,
217,Ланьо Михайло Іванович,неособисте голосування,,2017-11-14,
217,Ланьо Михайло Іванович,неособисте голосування,,2017-11-14,
217,Ланьо Михайло Іванович,неособисте голосування,,2017-12-21,4670
217,Ланьо Михайло Іванович,неособисте голосування,,2017-12-21,4670
21913,Лапін Ігор Олександрович,неособисте голосування,,2018-05-17,6027-д
18675,Лівік Олександр Петрович,неособисте голосування,http://www.chesno.org/news/2336/,2016-09-20,
18675,Лівік Олександр Петрович,неособисте голосування,http://www.chesno.org/news/2337/,2016-09-20,
18675,Лівік Олександр Петрович,неособисте голосування,http://www.chesno.org/news/2349/,2016-10-06,
18675,Лівік Олександр Петрович,неособисте голосування,http://www.chesno.org/news/2349/,2016-10-06,
18675,Лівік Олександр Петрович,неособисте голосування,,2017-10-04,0155
18675,Лівік Олександр Петрович,неособисте голосування,,2017-10-04,0155
20209,Лінько Дмитро Володимирович,неособисте голосування,,2018-05-17,
18753,Лозовой Андрій Сергійович,неособисте голосування,http://www.chesno.org/news/2346/,2016-09-29,
18753,Лозовой Андрій Сергійович,неособисте голосування,,2017-10-05,6682
225,Лукʼянчук Руслан Валерійович,неособисте голосування,http://www.chesno.org/news/2291/,2016-06-02,
225,Лукʼянчук Руслан Валерійович,неособисте голосування,http://www.chesno.org/news/2358/,2016-10-18,
227,Лунченко Валерій Валерійович,неособисте голосування,http://chesno.org/news/2055/,2014-12-25,
227,Лунченко Валерій Валерійович,неособисте голосування,http://chesno.org/news/2060/,2015-01-15,
228,Луценко Ірина Степанівна,неособисте голосування,,2015-12-09,
228,Луценко Ірина Степанівна,неособисте голосування,,2018-05-15,8265
228,Луценко Ірина Степанівна,неособисте голосування,,2018-05-15,8296
232,Ляшко Олег Валерійович,неособисте голосування,,2017-11-09,6538
20562,Макарʼян Давид Борисович,неособисте голосування,http://www.chesno.org/news/2335/,2016-09-20,
20562,Макарʼян Давид Борисович,неособисте голосування,http://www.chesno.org/news/2337/,2016-09-20,
242,Мартиняк Сергій Васильович,неособисте голосування,http://www.chesno.org/news/2277/,2016-04-21,
242,Мартиняк Сергій Васильович,неособисте голосування,,2017-12-07,7116
242,Мартиняк Сергій Васильович,неособисте голосування,,2017-12-07,7116
242,Мартиняк Сергій Васильович,неособисте голосування,,2017-12-07,7116
242,Мартиняк Сергій Васильович,неособисте голосування,,2017-12-07,
242,Мартиняк Сергій Васильович,неособисте голосування,,2017-12-07,
242,Мартиняк Сергій Васильович,неособисте голосування,,2017-12-07,6776-д
242,Мартиняк Сергій Васильович,неособисте голосування,,2017-12-07,6565
242,Мартиняк Сергій Васильович,неособисте голосування,,2017-12-07,6256
242,Мартиняк Сергій Васильович,неособисте голосування,,2017-12-07,7000
242,Мартиняк Сергій Васильович,неособисте голосування,,2017-12-21,
242,Мартиняк Сергій Васильович,неособисте голосування,,2017-12-21,6016-д
242,Мартиняк Сергій Васильович,неособисте голосування,,2017-12-21,7403
242,Мартиняк Сергій Васильович,неособисте голосування,,2018-04-19,
243,Мартовицький Артур Володимирович,неособисте голосування,,2015-11-25,
243,Мартовицький Артур Володимирович,неособисте голосування,,2015-11-25,
243,Мартовицький Артур Володимирович,неособисте голосування,http://www.chesno.org/news/2301/,2016-07-14,
243,Мартовицький Артур Володимирович,неособисте голосування,,2017-06-22,
243,Мартовицький Артур Володимирович,неособисте голосування,,2017-06-22,
243,Мартовицький Артур Володимирович,неособисте голосування,,2017-11-07,3239-д
243,Мартовицький Артур Володимирович,неособисте голосування,,2017-11-09,4287
246,Матвієнков Сергій Анатолійович,неособисте голосування,http://www.chesno.org/news/2326/,2016-09-06,
246,Матвієнков Сергій Анатолійович,неособисте голосування,http://www.chesno.org/news/2508/,2017-06-08,
23252,Матківський Богдан Миронович,неособисте голосування,,2018-05-22,8201
23252,Матківський Богдан Миронович,неособисте голосування,,2018-05-22,8201
26330,Матузко Олена Олександрівна,неособисте голосування,,2016-02-04,
20884,Медуниця Олег Вячеславович,неособисте голосування,,2018-05-17,
20884,Медуниця Олег Вячеславович,неособисте голосування,,2018-05-17,4532
253,Мельниченко Володимир Володимирович,неособисте голосування,,2018-05-23,
19139,Мельничук Іван Іванович,неособисте голосування,,2017-06-20,
19139,Мельничук Іван Іванович,неособисте голосування,,2017-07-11,
19139,Мельничук Іван Іванович,неособисте голосування,,2018-05-22,8201
19139,Мельничук Іван Іванович,неособисте голосування,,2018-05-22,8201
18512,Мепарішвілі Хвича Нодарович,неособисте голосування,,2018-03-21,0166
18512,Мепарішвілі Хвича Нодарович,неособисте голосування,,2018-03-21,0166
18512,Мепарішвілі Хвича Нодарович,неособисте голосування,,2018-03-22,6578
18512,Мепарішвілі Хвича Нодарович,неособисте голосування,,2018-04-05,0163
18512,Мепарішвілі Хвича Нодарович,неособисте голосування,,2018-04-05,7330
18512,Мепарішвілі Хвича Нодарович,неособисте голосування,,2018-04-05,6473
18512,Мепарішвілі Хвича Нодарович,неособисте голосування,,2018-04-05,6473
18512,Мепарішвілі Хвича Нодарович,неособисте голосування,,2018-04-05,6473
18512,Мепарішвілі Хвича Нодарович,неособисте голосування,,2018-04-05,6474
18512,Мепарішвілі Хвича Нодарович,неособисте голосування,,2018-04-05,6474
18512,Мепарішвілі Хвича Нодарович,неособисте голосування,,2018-04-05,6473
18512,Мепарішвілі Хвича Нодарович,неособисте голосування,,2018-04-05,6474
18512,Мепарішвілі Хвича Нодарович,неособисте голосування,,2018-04-18,
18512,Мепарішвілі Хвича Нодарович,неособисте голосування,,2018-05-17,
18512,Мепарішвілі Хвича Нодарович,неособисте голосування,,2018-05-17,
18512,Мепарішвілі Хвича Нодарович,неособисте голосування,,2018-05-17,
18512,Мепарішвілі Хвича Нодарович,неособисте голосування,,2018-05-17,3131
18512,Мепарішвілі Хвича Нодарович,неособисте голосування,,2018-05-17,3131
18512,Мепарішвілі Хвича Нодарович,неособисте голосування,,2018-05-22,8335
18512,Мепарішвілі Хвича Нодарович,неособисте голосування,,2018-05-23,0181
18512,Мепарішвілі Хвича Нодарович,неособисте голосування,,2018-05-23,0181
18512,Мепарішвілі Хвича Нодарович,неособисте голосування,,2018-05-23,0181
259,Мисик Володимир Юрійович,неособисте голосування,http://www.chesno.org/news/2502/,2017-05-25,
266,Молоток Ігор Федорович,неособисте голосування,http://www.chesno.org/news/2276/,2016-04-21,
266,Молоток Ігор Федорович,неособисте голосування,http://www.chesno.org/news/2276/,2016-04-21,
266,Молоток Ігор Федорович,неособисте голосування,,2017-12-07,7116
266,Молоток Ігор Федорович,неособисте голосування,,2017-12-07,7116
266,Молоток Ігор Федорович,неособисте голосування,,2017-12-07,7116
266,Молоток Ігор Федорович,неособисте голосування,,2017-12-07,7116
266,Молоток Ігор Федорович,неособисте голосування,,2017-12-07,6565
266,Молоток Ігор Федорович,неособисте голосування,,2018-02-28,6648
266,Молоток Ігор Федорович,неособисте голосування,,2018-02-28,
266,Молоток Ігор Федорович,неособисте голосування,,2018-02-28,6648
266,Молоток Ігор Федорович,неособисте голосування,,2018-04-05,6256
266,Молоток Ігор Федорович,неособисте голосування,,2018-04-05,6642
266,Молоток Ігор Федорович,неособисте голосування,,2018-04-05,7550
266,Молоток Ігор Федорович,неособисте голосування,,2018-04-05,7322
266,Молоток Ігор Федорович,неособисте голосування,,2018-04-19,
18592,Мороко Юрій Миколайович,неособисте голосування,,2018-04-19,4442-1
18592,Мороко Юрій Миколайович,неособисте голосування,,2018-04-19,4442-1
18592,Мороко Юрій Миколайович,неособисте голосування,,2018-04-19,4442-1
18592,Мороко Юрій Миколайович,неособисте голосування,,2018-04-19,4442-1
18592,Мороко Юрій Миколайович,неособисте голосування,,2018-05-15,3871
20061,Мосійчук Ігор Володимирович,неособисте голосування,http://www.chesno.org/news/2346/,2016-09-29,
20061,Мосійчук Ігор Володимирович,неособисте голосування,http://www.chesno.org/news/2411/,2017-01-17,
20061,Мосійчук Ігор Володимирович,неособисте голосування,http://www.chesno.org/news/2411/,2017-01-17,
269,Москаленко Ярослав Миколайович,неособисте голосування,http://chesno.org/news/2075/,2015-03-04,
269,Москаленко Ярослав Миколайович,неособисте голосування,,2017-11-17,
269,Москаленко Ярослав Миколайович,неособисте голосування,,2017-11-17,
269,Москаленко Ярослав Миколайович,неособисте голосування,,2017-11-17,
269,Москаленко Ярослав Миколайович,неособисте голосування,,2017-12-07,7116
269,Москаленко Ярослав Миколайович,неособисте голосування,,2017-12-07,
269,Москаленко Ярослав Миколайович,неособисте голосування,,2017-12-07,6776-д
269,Москаленко Ярослав Миколайович,неособисте голосування,,2017-12-07,6565
269,Москаленко Ярослав Миколайович,неособисте голосування,,2017-12-07,7000
269,Москаленко Ярослав Миколайович,неособисте голосування,,2017-12-21,6016-д
269,Москаленко Ярослав Миколайович,неособисте голосування,,2017-12-21,
269,Москаленко Ярослав Миколайович,неособисте голосування,,2017-12-21,6016-д
22288,Недава Олег Анатолійович,неособисте голосування,http://www.chesno.org/news/2281/,2016-05-17,
25946,Немировський Андрій Валентинович,неособисте голосування,,2018-05-15,5627
25946,Немировський Андрій Валентинович,неособисте голосування,,2018-05-17,8226
25946,Немировський Андрій Валентинович,неособисте голосування,,2018-05-17,6405
25946,Немировський Андрій Валентинович,неособисте голосування,,2018-05-17,6027-д
283,Нечаєв Олександр Ігорович,неособисте голосування,http://www.chesno.org/news/2290/,2016-06-01,
283,Нечаєв Олександр Ігорович,неособисте голосування,http://www.chesno.org/news/2475/,2017-04-13,
283,Нечаєв Олександр Ігорович,неособисте голосування,http://www.chesno.org/news/2475/,2017-04-13,
283,Нечаєв Олександр Ігорович,неособисте голосування,,2017-12-06,4952
283,Нечаєв Олександр Ігорович,неособисте голосування,,2018-03-14,6070
284,Ничипоренко Валентин Миколайович,неособисте голосування,http://chesno.org/news/2058/,2015-01-13,
24873,Німченко Василь Іванович,неособисте голосування,,2015-09-17,
297,Павлов Костянтин Юрійович,неособисте голосування,,2017-11-09,4287
308,Пашинський Сергій Володимирович,неособисте голосування,http://chesno.org/news/2104/,2015-05-22,
317,Побер Ігор Миколайович,неособисте голосування,,2015-07-02,
317,Побер Ігор Миколайович,неособисте голосування,,2015-07-02,
317,Побер Ігор Миколайович,неособисте голосування,,2015-07-02,
317,Побер Ігор Миколайович,неособисте голосування,http://www.chesno.org/news/2410/,2017-01-17,
326,Пресман Олександр Семенович,неособисте голосування,http://www.chesno.org/news/2109/,2015-06-02,
326,Пресман Олександр Семенович,неособисте голосування,,2015-09-17,
326,Пресман Олександр Семенович,неособисте голосування,http://www.chesno.org/news/2270/,2016-04-14,
326,Пресман Олександр Семенович,неособисте голосування,http://www.chesno.org/news/2271/,2016-04-14,
326,Пресман Олександр Семенович,неособисте голосування,http://www.chesno.org/news/2271/,2016-04-14,
25041,Присяжнюк Олександр Анатолійович,неособисте голосування,,2018-04-05,7330
25041,Присяжнюк Олександр Анатолійович,неособисте голосування,,2018-04-05,6052
25041,Присяжнюк Олександр Анатолійович,неособисте голосування,,2018-04-05,6473
25041,Присяжнюк Олександр Анатолійович,неособисте голосування,,2018-04-05,7330
25041,Присяжнюк Олександр Анатолійович,неособисте голосування,,2018-04-05,6473
25041,Присяжнюк Олександр Анатолійович,неособисте голосування,,2018-04-05,6473
25041,Присяжнюк Олександр Анатолійович,неособисте голосування,,2018-04-05,6473
25041,Присяжнюк Олександр Анатолійович,неособисте голосування,,2018-04-05,6473
25041,Присяжнюк Олександр Анатолійович,неособисте голосування,,2018-04-05,6052
25041,Присяжнюк Олександр Анатолійович,неособисте голосування,,2018-04-05,6052
25041,Присяжнюк Олександр Анатолійович,неособисте голосування,,2018-05-22,5512
25041,Присяжнюк Олександр Анатолійович,неособисте голосування,,2018-05-22,6697
20801,Река Андрій Олександрович,неособисте голосування,,2017-06-20,
20801,Река Андрій Олександрович,неособисте голосування,,2017-11-14,6049-1
20801,Река Андрій Олександрович,неособисте голосування,,2017-11-14,6049
20801,Река Андрій Олександрович,неособисте голосування,,2018-03-21,0166
20801,Река Андрій Олександрович,неособисте голосування,,2018-03-21,0166
20801,Река Андрій Олександрович,неособисте голосування,,2018-03-22,0178
20801,Река Андрій Олександрович,неособисте голосування,,2018-04-05,7322
20801,Река Андрій Олександрович,неособисте голосування,,2018-04-19,6746
20801,Река Андрій Олександрович,неособисте голосування,,2018-04-19,6746
20801,Река Андрій Олександрович,неособисте голосування,,2018-04-19,6746
20801,Река Андрій Олександрович,неособисте голосування,,2018-05-15,7304
20801,Река Андрій Олександрович,неособисте голосування,,2018-05-22,8265
25050,Романовський Олександр Володимирович,неособисте голосування,http://www.chesno.org/news/2423/,2017-02-09,
25050,Романовський Олександр Володимирович,неособисте голосування,http://www.chesno.org/news/2498/,2017-05-18,
25050,Романовський Олександр Володимирович,неособисте голосування,http://www.chesno.org/news/2498/,2017-05-18,
25050,Романовський Олександр Володимирович,неособисте голосування,,2017-12-19,6081
25050,Романовський Олександр Володимирович,неособисте голосування,,2018-03-22,3149
25050,Романовський Олександр Володимирович,неособисте голосування,,2018-05-17,
340,Романюк Роман Сергійович,неособисте голосування,http://www.chesno.org/news/2337/,2016-09-20,
26338,Саврасов Максим Віталійович,неособисте голосування,,2018-04-05,6474
26338,Саврасов Максим Віталійович,неособисте голосування,,2018-05-17,3131
26338,Саврасов Максим Віталійович,неособисте голосування,,2018-05-17,6027-д
349,Святаш Дмитро Володимирович,неособисте голосування,,2015-09-17,
349,Святаш Дмитро Володимирович,неособисте голосування,,2017-06-20,
21629,Силантьєв Денис Олегович,неособисте голосування,,2017-11-09,4287
21629,Силантьєв Денис Олегович,неособисте голосування,,2017-11-09,4287
21629,Силантьєв Денис Олегович,неособисте голосування,,2017-11-09,6538
21629,Силантьєв Денис Олегович,неособисте голосування,,2017-11-09,6538
18481,Сочка Олександр Олександрович,неособисте голосування,http://chesno.org/news/2056/,2014-12-28,
19150,Спориш Іван Дмитрович,неособисте голосування,,2017-11-08,1581-д
19150,Спориш Іван Дмитрович,неособисте голосування,,2017-11-08,1581-д
25049,Стеценко Дмитро Олександрович,неособисте голосування,http://chesno.org/news/2101/,2015-05-14,
25049,Стеценко Дмитро Олександрович,неособисте голосування,,2018-05-17,3131
25049,Стеценко Дмитро Олександрович,неособисте голосування,,2018-05-17,3131
21649,Третьяков Олександр Юрійович,неособисте голосування,http://www.chesno.org/news/2350/,2016-10-06,
21649,Третьяков Олександр Юрійович,неособисте голосування,,2017-11-09,6723
21649,Третьяков Олександр Юрійович,неособисте голосування,,2018-05-22,8201
21649,Третьяков Олександр Юрійович,неособисте голосування,,2018-05-22,8201
23598,Урбанський Олександр Ігорович,неособисте голосування,,2015-11-24,
23598,Урбанський Олександр Ігорович,неособисте голосування,,2015-11-24,
23598,Урбанський Олександр Ігорович,неособисте голосування,,2015-11-24,
23598,Урбанський Олександр Ігорович,неособисте голосування,,2015-12-09,
23598,Урбанський Олександр Ігорович,неособисте голосування,,2015-12-10,
23598,Урбанський Олександр Ігорович,неособисте голосування,,2015-12-10,
23598,Урбанський Олександр Ігорович,неособисте голосування,,2015-12-10,
23598,Урбанський Олександр Ігорович,неособисте голосування,http://www.chesno.org/news/2327/,2016-09-07,
23598,Урбанський Олександр Ігорович,неособисте голосування,http://www.chesno.org/news/2386/,2016-11-03,
23598,Урбанський Олександр Ігорович,неособисте голосування,http://www.chesno.org/news/2402/,2016-12-08,
23598,Урбанський Олександр Ігорович,неособисте голосування,http://www.chesno.org/news/2453/,2017-03-21,
23598,Урбанський Олександр Ігорович,неособисте голосування,http://www.chesno.org/news/2457/,2017-03-23,
23598,Урбанський Олександр Ігорович,неособисте голосування,,2017-06-20,
23598,Урбанський Олександр Ігорович,неособисте голосування,,2017-06-20,
23598,Урбанський Олександр Ігорович,неособисте голосування,,2017-10-19,1776
23598,Урбанський Олександр Ігорович,неособисте голосування,,2017-11-07,4843
23598,Урбанський Олександр Ігорович,неособисте голосування,,2017-11-09,7126
23598,Урбанський Олександр Ігорович,неособисте голосування,,2017-11-09,7258
23598,Урбанський Олександр Ігорович,неособисте голосування,,2017-11-14,6049
23598,Урбанський Олександр Ігорович,неособисте голосування,,2018-04-05,6052
23598,Урбанський Олександр Ігорович,неособисте голосування,,2018-04-05,6474
23598,Урбанський Олександр Ігорович,неособисте голосування,,2018-04-05,6473
23598,Урбанський Олександр Ігорович,неособисте голосування,,2018-04-05,6052
23598,Урбанський Олександр Ігорович,неособисте голосування,,2018-04-05,6473
23598,Урбанський Олександр Ігорович,неособисте голосування,,2018-05-17,6027-д
397,Фаєрмарк Сергій Олександрович,неособисте голосування,,2017-06-20,
26312,Фріз Ірина Василівна,неособисте голосування,,2017-03-16,
26312,Фріз Ірина Василівна,неособисте голосування,,2017-07-13,
26312,Фріз Ірина Василівна,неособисте голосування,,2018-05-17,
407,Хміль Михайло Михайлович,неособисте голосування,,2017-02-23,
408,Хомутиннік Віталій Юрійович,неособисте голосування,http://chesno.org/news/2054/,2014-12-23,
408,Хомутиннік Віталій Юрійович,неособисте голосування,,2015-02-13,
408,Хомутиннік Віталій Юрійович,неособисте голосування,,2015-03-02,
408,Хомутиннік Віталій Юрійович,неособисте голосування,,2015-03-02,
408,Хомутиннік Віталій Юрійович,неособисте голосування,http://chesno.org/news/2099/,2015-05-14,
408,Хомутиннік Віталій Юрійович,неособисте голосування,,2017-06-20,
408,Хомутиннік Віталій Юрійович,неособисте голосування,,2017-11-14,6049-1
408,Хомутиннік Віталій Юрійович,неособисте голосування,,2017-11-14,6049
408,Хомутиннік Віталій Юрійович,неособисте голосування,,2017-12-21,4670
408,Хомутиннік Віталій Юрійович,неособисте голосування,,2017-12-21,4670
408,Хомутиннік Віталій Юрійович,неособисте голосування,,2017-12-21,
408,Хомутиннік Віталій Юрійович,неособисте голосування,,2017-12-21,4670
408,Хомутиннік Віталій Юрійович,неособисте голосування,,2018-03-15,
408,Хомутиннік Віталій Юрійович,неособисте голосування,,2018-03-15,
408,Хомутиннік Віталій Юрійович,неособисте голосування,,2018-03-15,
23406,Чекіта Геннадій Леонідович,неособисте голосування,,2017-11-14,6049
23406,Чекіта Геннадій Леонідович,неособисте голосування,,2018-05-17,6405
20459,Чорновол Тетяна Миколаївна,неособисте голосування,http://chesno.org/news/2103/,2015-05-21,
422,Шаповалов Юрій Анатолійович,неособисте голосування,http://chesno.org/news/2075/,2015-03-04,
20315,Шахов Сергій Володимирович,неособисте голосування,,2017-12-07,7114-д
20315,Шахов Сергій Володимирович,неособисте голосування,,2017-12-07,6776-д
20315,Шахов Сергій Володимирович,неособисте голосування,,2017-12-07,7116
20315,Шахов Сергій Володимирович,неособисте голосування,,2017-12-07,7116
20315,Шахов Сергій Володимирович,неособисте голосування,,2017-12-07,7116
20315,Шахов Сергій Володимирович,неособисте голосування,,2017-12-07,6565
20315,Шахов Сергій Володимирович,неособисте голосування,,2017-12-07,7000
20315,Шахов Сергій Володимирович,неособисте голосування,,2017-12-07,6256
20315,Шахов Сергій Володимирович,неособисте голосування,,2017-12-07,
20315,Шахов Сергій Володимирович,неособисте голосування,,2017-12-07,7116
20315,Шахов Сергій Володимирович,неособисте голосування,,2017-12-21,6016-д
20315,Шахов Сергій Володимирович,неособисте голосування,,2017-12-21,7403
20315,Шахов Сергій Володимирович,неособисте голосування,,2018-04-04,4023а
20315,Шахов Сергій Володимирович,неособисте голосування,,2018-04-04,4023а
20315,Шахов Сергій Володимирович,неособисте голосування,,2018-04-05,6256
20315,Шахов Сергій Володимирович,неособисте голосування,,2018-04-05,7550
20315,Шахов Сергій Володимирович,неособисте голосування,,2018-04-05,
20315,Шахов Сергій Володимирович,неособисте голосування,,2018-04-19,7511
20315,Шахов Сергій Володимирович,неособисте голосування,,2018-04-19,7511
44149,Шевченко Віктор Леонідович,неособисте голосування,,2018-03-22,3149
24140,Шинькович Андрій Васильович,неособисте голосування,,2016-02-04,
24140,Шинькович Андрій Васильович,неособисте голосування,http://www.chesno.org/news/2357/,2016-10-18,
24140,Шинькович Андрій Васильович,неособисте голосування,http://www.chesno.org/news/2413/,2017-01-17,
24140,Шинькович Андрій Васильович,неособисте голосування,,2017-02-21,
24140,Шинькович Андрій Васильович,неособисте голосування,,2017-03-16,
24140,Шинькович Андрій Васильович,неособисте голосування,,2017-03-16,
24140,Шинькович Андрій Васильович,неособисте голосування,http://www.chesno.org/news/2454/,2017-03-22,
24140,Шинькович Андрій Васильович,неособисте голосування,http://www.chesno.org/news/2456/,2017-03-23,
24140,Шинькович Андрій Васильович,неособисте голосування,http://www.chesno.org/news/2471/,2017-04-12,
24140,Шинькович Андрій Васильович,неособисте голосування,http://www.chesno.org/news/2476/,2017-04-14,
24140,Шинькович Андрій Васильович,неособисте голосування,http://www.chesno.org/news/2476/,2017-04-14,
24140,Шинькович Андрій Васильович,неособисте голосування,http://www.chesno.org/news/2499/,2017-05-18,
24140,Шинькович Андрій Васильович,неособисте голосування,,2017-06-20,
24140,Шинькович Андрій Васильович,неособисте голосування,,2017-06-20,
24140,Шинькович Андрій Васильович,неособисте голосування,,2017-10-04,0154
24140,Шинькович Андрій Васильович,неособисте голосування,,2017-10-04,0154
24140,Шинькович Андрій Васильович,неособисте голосування,,2017-10-05,2126а
24140,Шинькович Андрій Васильович,неособисте голосування,,2017-10-19,
24140,Шинькович Андрій Васильович,неособисте голосування,,2017-11-09,6005-д
24140,Шинькович Андрій Васильович,неособисте голосування,,2018-04-05,6474
24140,Шинькович Андрій Васильович,неособисте голосування,,2018-04-05,6474
24140,Шинькович Андрій Васильович,неособисте голосування,,2018-04-05,7322
24140,Шинькович Андрій Васильович,неособисте голосування,,2018-04-18,
24140,Шинькович Андрій Васильович,неособисте голосування,,2018-05-15,
24140,Шинькович Андрій Васильович,неособисте голосування,,2018-05-15,5627
24140,Шинькович Андрій Васильович,неособисте голосування,,2018-05-15,8295
24140,Шинькович Андрій Васильович,неособисте голосування,,2018-05-15,8265
24140,Шинькович Андрій Васильович,неособисте голосування,,2018-05-15,5627
24140,Шинькович Андрій Васильович,неособисте голосування,,2018-05-15,8296
24140,Шинькович Андрій Васильович,неособисте голосування,,2018-05-15,8331
24140,Шинькович Андрій Васильович,неособисте голосування,,2018-05-17,8226
24140,Шинькович Андрій Васильович,неособисте голосування,,2018-05-17,6405
24140,Шинькович Андрій Васильович,неособисте голосування,,2018-05-17,6405
24140,Шинькович Андрій Васильович,неособисте голосування,,2018-05-17,3131
24140,Шинькович Андрій Васильович,неособисте голосування,,2018-05-17,
24140,Шинькович Андрій Васильович,неособисте голосування,,2018-05-17,6027-д
24140,Шинькович Андрій Васильович,неособисте голосування,,2018-05-17,6027-д
24140,Шинькович Андрій Васильович,неособисте голосування,,2018-05-22,8265
24140,Шинькович Андрій Васильович,неособисте голосування,,2018-05-22,8201
24140,Шинькович Андрій Васильович,неособисте голосування,,2018-05-22,5512
24140,Шинькович Андрій Васильович,неособисте голосування,,2018-05-22,8335
430,Шипко Андрій Федорович,неособисте голосування,,2015-03-02,
430,Шипко Андрій Федорович,неособисте голосування,http://www.chesno.org/news/2269/,2016-04-13,
431,Шкварилюк Володимир Васильович,неособисте голосування,http://www.chesno.org/news/2292/,2016-06-14,
431,Шкварилюк Володимир Васильович,неособисте голосування,http://www.chesno.org/news/2292/,2016-06-14,
431,Шкварилюк Володимир Васильович,неособисте голосування,http://www.chesno.org/news/2469/,2017-04-11,
431,Шкварилюк Володимир Васильович,неособисте голосування,,2017-06-20,
431,Шкварилюк Володимир Васильович,неособисте голосування,,2017-06-20,
431,Шкварилюк Володимир Васильович,неособисте голосування,,2017-11-07,6106
431,Шкварилюк Володимир Васильович,неособисте голосування,,2017-11-07,3239-д
24624,Юзькова Тетяна Леонідівна,неособисте голосування,,2017-11-09,4287
24624,Юзькова Тетяна Леонідівна,неособисте голосування,,2017-11-09,4287
24624,Юзькова Тетяна Леонідівна,неособисте голосування,,2017-11-09,6538
18542,Юрик Тарас Зіновійович,неособисте голосування,,2018-05-22,8201
18542,Юрик Тарас Зіновійович,неособисте голосування,,2018-05-22,8201
19129,Юрчишин Петро Васильович,неособисте голосування,,2018-05-23,
22942,Яриніч Костянтин Володимирович,неособисте голосування,,2018-04-05,6052
443,Яценко Антон Володимирович,неособисте голосування,,2015-11-24,
443,Яценко Антон Володимирович,неособисте голосування,,2015-12-22,
443,Яценко Антон Володимирович,неособисте голосування,http://www.chesno.org/news/2387/,2016-11-03,
443,Яценко Антон Володимирович,неособисте голосування,http://www.chesno.org/news/2394/,2016-11-17,
443,Яценко Антон Володимирович,неособисте голосування,http://www.chesno.org/news/2395/,2016-11-17,
443,Яценко Антон Володимирович,неособисте голосування,http://www.chesno.org/news/2444/,2017-03-14,
443,Яценко Антон Володимирович,неособисте голосування,http://www.chesno.org/news/2452/,2017-03-21,
443,Яценко Антон Володимирович,неособисте голосування,http://www.chesno.org/news/2501/,2017-05-23,
443,Яценко Антон Володимирович,неособисте голосування,http://www.chesno.org/news/2501/,2017-05-23,
443,Яценко Антон Володимирович,неособисте голосування,http://www.chesno.org/news/2501/,2017-05-23,
443,Яценко Антон Володимирович,неособисте голосування,http://www.chesno.org/news/2502/,2017-05-25,
443,Яценко Антон Володимирович,неособисте голосування,http://www.chesno.org/news/2502/,2017-05-25,
443,Яценко Антон Володимирович,неособисте голосування,http://www.chesno.org/news/2502/,2017-05-25,
443,Яценко Антон Володимирович,неособисте голосування,,2017-06-20,
443,Яценко Антон Володимирович,неособисте голосування,,2017-06-20,
443,Яценко Антон Володимирович,неособисте голосування,,2017-06-20,
443,Яценко Антон Володимирович,неособисте голосування,,2017-06-22,
443,Яценко Антон Володимирович,неособисте голосування,,2017-11-07,6106
443,Яценко Антон Володимирович,неособисте голосування,,2017-11-07,6106
443,Яценко Антон Володимирович,неособисте голосування,,2017-12-07,
443,Яценко Антон Володимирович,неособисте голосування,,2017-12-19,6081
443,Яценко Антон Володимирович,неособисте голосування,,2017-12-21,6016-д
443,Яценко Антон Володимирович,неособисте голосування,,2017-12-21,2845
443,Яценко Антон Володимирович,неособисте голосування,,2017-12-21,
443,Яценко Антон Володимирович,неособисте голосування,,2017-12-21,2845
443,Яценко Антон Володимирович,неособисте голосування,,2017-12-21,6120
443,Яценко Антон Володимирович,неособисте голосування,,2017-12-21,
443,Яценко Антон Володимирович,неособисте голосування,,2017-12-21,
443,Яценко Антон Володимирович,неособисте голосування,,2018-02-08,
443,Яценко Антон Володимирович,неособисте голосування,,2018-03-01,3096-д
443,Яценко Антон Володимирович,неособисте голосування,,2018-03-01,7466
443,Яценко Антон Володимирович,неособисте голосування,,2018-03-15,
443,Яценко Антон Володимирович,неособисте голосування,,2018-03-15,4670
443,Яценко Антон Володимирович,неособисте голосування,,2018-03-15,
443,Яценко Антон Володимирович,неособисте голосування,,2018-03-15,
443,Яценко Антон Володимирович,неособисте голосування,,2018-03-15,
443,Яценко Антон Володимирович,неособисте голосування,,2018-03-15,
443,Яценко Антон Володимирович,неособисте голосування,,2018-03-15,
443,Яценко Антон Володимирович,неособисте голосування,,2018-03-20,8099
443,Яценко Антон Володимирович,неособисте голосування,,2018-03-20,6235
443,Яценко Антон Володимирович,неособисте голосування,,2018-03-20,8099
443,Яценко Антон Володимирович,неособисте голосування,,2018-03-20,7123
443,Яценко Антон Володимирович,неособисте голосування,,2018-03-20,8099
443,Яценко Антон Володимирович,неособисте голосування,,2018-03-20,8099
443,Яценко Антон Володимирович,неособисте голосування,,2018-03-22,7304
443,Яценко Антон Володимирович,неособисте голосування,,2018-03-22,3149
443,Яценко Антон Володимирович,неособисте голосування,,2018-03-22,6578
443,Яценко Антон Володимирович,неособисте голосування,,2018-03-22,8151
443,Яценко Антон Володимирович,неособисте голосування,,2018-03-22,6578
443,Яценко Антон Володимирович,неособисте голосування,,2018-03-22,4551
443,Яценко Антон Володимирович,неособисте голосування,,2018-03-22,3149
443,Яценко Антон Володимирович,неособисте голосування,,2018-03-22,4551
443,Яценко Антон Володимирович,неособисте голосування,,2018-04-05,6473
443,Яценко Антон Володимирович,неособисте голосування,,2018-04-05,0163
443,Яценко Антон Володимирович,неособисте голосування,,2018-04-05,6473
443,Яценко Антон Володимирович,неособисте голосування,,2018-04-05,7322
443,Яценко Антон Володимирович,неособисте голосування,,2018-04-19,5448-д
443,Яценко Антон Володимирович,неособисте голосування,,2018-04-19,5448-д
443,Яценко Антон Володимирович,неособисте голосування,,2018-04-19,7511
443,Яценко Антон Володимирович,неособисте голосування,,2018-04-19,5448-д
443,Яценко Антон Володимирович,неособисте голосування,,2018-04-19,5448-д
443,Яценко Антон Володимирович,неособисте голосування,,2018-05-15,3871
443,Яценко Антон Володимирович,неособисте голосування,,2018-05-15,3871
443,Яценко Антон Володимирович,неособисте голосування,,2018-05-17,3131
443,Яценко Антон Володимирович,неособисте голосування,,2018-05-17,3131
443,Яценко Антон Володимирович,неособисте голосування,,2018-05-22,8335
443,Яценко Антон Володимирович,неособисте голосування,,2018-05-23,0181
